name,avrg_temp_diff_state
VIC,8.114145565878047
QLD,9.925136703413056
NSW,10.044208037842626
SA,10.51036607246946
WA,12.016106070461712
NT,13.299232376278864
ACT,14.490231092436975
